metric,n,congruent_mean,incongruent_mean,mean_difference_incongruent_minus_congruent,ci95_low,ci95_high,p_value,effect_size_dz,q_value_bh
off_manifold_mean,225,0.13248416246100833,0.12423313028253558,-0.008251032178472761,-0.014331876930889774,-0.0020479626479507494,0.010494752623688156,-0.1754056122240684,0.02623688155922039
detour_ratio,225,1.0,1.0,0.0,0.0,0.0,1.0,0.0,1.0
dual_path_length,225,0.5107628006405672,0.4645204876440339,-0.046242312996533357,-0.07769660695240105,-0.012909268024261239,0.0074962518740629685,-0.18089732286877494,0.02623688155922039
dual_detour_ratio,225,1.0612393313845523,1.0567133504025008,-0.0045259809820512795,-0.013291465582563241,0.004735073632035918,0.3193403298350825,-0.06754276722413886,0.3991754122938531
switch_count,225,1.0133333333333334,1.0,-0.013333333333333334,-0.03111111111111111,0.0,0.2653673163418291,-0.11598902298689066,0.3991754122938531
